chapter_index,chapter_title,block_number,lines,start_para_idx,filepath
1,'Copyright © 2025',1,1,13,chapter-01_copyright-2025/block-001.jl
2,'Legal Disclaimer:',1,1,21,chapter-02_legal-disclaimer/block-001.jl
3,'How to Download Your Code Repository',1,1,47,chapter-03_how-to-download-your-code-repository/block-001.jl
3,'How to Download Your Code Repository',2,1,68,chapter-03_how-to-download-your-code-repository/block-002.jl
4,'INTRODUCTION',1,2,74,chapter-04_introduction/block-001.jl
4,'INTRODUCTION',2,1,77,chapter-04_introduction/block-002.jl
4,'INTRODUCTION',3,1,79,chapter-04_introduction/block-003.jl
4,'INTRODUCTION',4,1,81,chapter-04_introduction/block-004.jl
4,'INTRODUCTION',5,1,84,chapter-04_introduction/block-005.jl
4,'INTRODUCTION',6,1,86,chapter-04_introduction/block-006.jl
4,'INTRODUCTION',7,1,89,chapter-04_introduction/block-007.jl
4,'INTRODUCTION',8,1,94,chapter-04_introduction/block-008.jl
4,'INTRODUCTION',9,1,106,chapter-04_introduction/block-009.jl
4,'INTRODUCTION',10,1,110,chapter-04_introduction/block-010.jl
5,'Professional Development Environment and Toolchains',1,1,121,chapter-05_professional-development-environment-and-toolchains/block-001.jl
5,'Professional Development Environment and Toolchains',2,1,123,chapter-05_professional-development-environment-and-toolchains/block-002.jl
5,'Professional Development Environment and Toolchains',3,2,125,chapter-05_professional-development-environment-and-toolchains/block-003.jl
5,'Professional Development Environment and Toolchains',4,1,128,chapter-05_professional-development-environment-and-toolchains/block-004.jl
5,'Professional Development Environment and Toolchains',5,10,132,chapter-05_professional-development-environment-and-toolchains/block-005.jl
5,'Professional Development Environment and Toolchains',6,3,145,chapter-05_professional-development-environment-and-toolchains/block-006.jl
5,'Professional Development Environment and Toolchains',7,1,155,chapter-05_professional-development-environment-and-toolchains/block-007.jl
5,'Professional Development Environment and Toolchains',8,2,171,chapter-05_professional-development-environment-and-toolchains/block-008.jl
5,'Professional Development Environment and Toolchains',9,8,178,chapter-05_professional-development-environment-and-toolchains/block-009.jl
5,'Professional Development Environment and Toolchains',10,2,189,chapter-05_professional-development-environment-and-toolchains/block-010.jl
5,'Professional Development Environment and Toolchains',11,2,192,chapter-05_professional-development-environment-and-toolchains/block-011.jl
5,'Professional Development Environment and Toolchains',12,2,198,chapter-05_professional-development-environment-and-toolchains/block-012.jl
5,'Professional Development Environment and Toolchains',13,1,202,chapter-05_professional-development-environment-and-toolchains/block-013.jl
5,'Professional Development Environment and Toolchains',14,2,205,chapter-05_professional-development-environment-and-toolchains/block-014.jl
5,'Professional Development Environment and Toolchains',15,4,209,chapter-05_professional-development-environment-and-toolchains/block-015.jl
5,'Professional Development Environment and Toolchains',16,1,214,chapter-05_professional-development-environment-and-toolchains/block-016.jl
5,'Professional Development Environment and Toolchains',17,13,216,chapter-05_professional-development-environment-and-toolchains/block-017.jl
5,'Professional Development Environment and Toolchains',18,2,236,chapter-05_professional-development-environment-and-toolchains/block-018.jl
5,'Professional Development Environment and Toolchains',19,1,240,chapter-05_professional-development-environment-and-toolchains/block-019.jl
5,'Professional Development Environment and Toolchains',20,2,247,chapter-05_professional-development-environment-and-toolchains/block-020.jl
5,'Professional Development Environment and Toolchains',21,1,250,chapter-05_professional-development-environment-and-toolchains/block-021.jl
6,'Advanced Language Features and Metaprogramming',1,1,259,chapter-06_advanced-language-features-and-metaprogramming/block-001.jl
6,'Advanced Language Features and Metaprogramming',2,3,261,chapter-06_advanced-language-features-and-metaprogramming/block-002.jl
6,'Advanced Language Features and Metaprogramming',3,1,265,chapter-06_advanced-language-features-and-metaprogramming/block-003.jl
6,'Advanced Language Features and Metaprogramming',4,1,267,chapter-06_advanced-language-features-and-metaprogramming/block-004.jl
6,'Advanced Language Features and Metaprogramming',5,1,270,chapter-06_advanced-language-features-and-metaprogramming/block-005.jl
6,'Advanced Language Features and Metaprogramming',6,3,272,chapter-06_advanced-language-features-and-metaprogramming/block-006.jl
6,'Advanced Language Features and Metaprogramming',7,2,276,chapter-06_advanced-language-features-and-metaprogramming/block-007.jl
6,'Advanced Language Features and Metaprogramming',8,1,286,chapter-06_advanced-language-features-and-metaprogramming/block-008.jl
6,'Advanced Language Features and Metaprogramming',9,3,290,chapter-06_advanced-language-features-and-metaprogramming/block-009.jl
6,'Advanced Language Features and Metaprogramming',10,1,294,chapter-06_advanced-language-features-and-metaprogramming/block-010.jl
6,'Advanced Language Features and Metaprogramming',11,9,297,chapter-06_advanced-language-features-and-metaprogramming/block-011.jl
6,'Advanced Language Features and Metaprogramming',12,4,307,chapter-06_advanced-language-features-and-metaprogramming/block-012.jl
6,'Advanced Language Features and Metaprogramming',13,4,312,chapter-06_advanced-language-features-and-metaprogramming/block-013.jl
6,'Advanced Language Features and Metaprogramming',14,2,324,chapter-06_advanced-language-features-and-metaprogramming/block-014.jl
6,'Advanced Language Features and Metaprogramming',15,1,327,chapter-06_advanced-language-features-and-metaprogramming/block-015.jl
6,'Advanced Language Features and Metaprogramming',16,3,331,chapter-06_advanced-language-features-and-metaprogramming/block-016.jl
6,'Advanced Language Features and Metaprogramming',17,1,335,chapter-06_advanced-language-features-and-metaprogramming/block-017.jl
6,'Advanced Language Features and Metaprogramming',18,1,338,chapter-06_advanced-language-features-and-metaprogramming/block-018.jl
6,'Advanced Language Features and Metaprogramming',19,2,344,chapter-06_advanced-language-features-and-metaprogramming/block-019.jl
6,'Advanced Language Features and Metaprogramming',20,8,348,chapter-06_advanced-language-features-and-metaprogramming/block-020.jl
6,'Advanced Language Features and Metaprogramming',21,1,362,chapter-06_advanced-language-features-and-metaprogramming/block-021.jl
6,'Advanced Language Features and Metaprogramming',22,2,365,chapter-06_advanced-language-features-and-metaprogramming/block-022.jl
6,'Advanced Language Features and Metaprogramming',23,1,368,chapter-06_advanced-language-features-and-metaprogramming/block-023.jl
6,'Advanced Language Features and Metaprogramming',24,1,371,chapter-06_advanced-language-features-and-metaprogramming/block-024.jl
6,'Advanced Language Features and Metaprogramming',25,2,376,chapter-06_advanced-language-features-and-metaprogramming/block-025.jl
6,'Advanced Language Features and Metaprogramming',26,2,380,chapter-06_advanced-language-features-and-metaprogramming/block-026.jl
6,'Advanced Language Features and Metaprogramming',27,1,383,chapter-06_advanced-language-features-and-metaprogramming/block-027.jl
7,'Memory Management, Safety, and Low-Level Optimisation',1,1,391,chapter-07_memory-management-safety-and-low-level-optimisation/block-001.jl
7,'Memory Management, Safety, and Low-Level Optimisation',2,1,396,chapter-07_memory-management-safety-and-low-level-optimisation/block-002.jl
7,'Memory Management, Safety, and Low-Level Optimisation',3,3,398,chapter-07_memory-management-safety-and-low-level-optimisation/block-003.jl
7,'Memory Management, Safety, and Low-Level Optimisation',4,1,404,chapter-07_memory-management-safety-and-low-level-optimisation/block-004.jl
7,'Memory Management, Safety, and Low-Level Optimisation',5,2,407,chapter-07_memory-management-safety-and-low-level-optimisation/block-005.jl
7,'Memory Management, Safety, and Low-Level Optimisation',6,1,414,chapter-07_memory-management-safety-and-low-level-optimisation/block-006.jl
7,'Memory Management, Safety, and Low-Level Optimisation',7,1,417,chapter-07_memory-management-safety-and-low-level-optimisation/block-007.jl
7,'Memory Management, Safety, and Low-Level Optimisation',8,2,419,chapter-07_memory-management-safety-and-low-level-optimisation/block-008.jl
7,'Memory Management, Safety, and Low-Level Optimisation',9,1,424,chapter-07_memory-management-safety-and-low-level-optimisation/block-009.jl
7,'Memory Management, Safety, and Low-Level Optimisation',10,6,427,chapter-07_memory-management-safety-and-low-level-optimisation/block-010.jl
7,'Memory Management, Safety, and Low-Level Optimisation',11,1,436,chapter-07_memory-management-safety-and-low-level-optimisation/block-011.jl
7,'Memory Management, Safety, and Low-Level Optimisation',12,4,441,chapter-07_memory-management-safety-and-low-level-optimisation/block-012.jl
7,'Memory Management, Safety, and Low-Level Optimisation',13,1,448,chapter-07_memory-management-safety-and-low-level-optimisation/block-013.jl
7,'Memory Management, Safety, and Low-Level Optimisation',14,1,456,chapter-07_memory-management-safety-and-low-level-optimisation/block-014.jl
7,'Memory Management, Safety, and Low-Level Optimisation',15,3,459,chapter-07_memory-management-safety-and-low-level-optimisation/block-015.jl
7,'Memory Management, Safety, and Low-Level Optimisation',16,7,465,chapter-07_memory-management-safety-and-low-level-optimisation/block-016.jl
7,'Memory Management, Safety, and Low-Level Optimisation',17,2,474,chapter-07_memory-management-safety-and-low-level-optimisation/block-017.jl
7,'Memory Management, Safety, and Low-Level Optimisation',18,1,477,chapter-07_memory-management-safety-and-low-level-optimisation/block-018.jl
7,'Memory Management, Safety, and Low-Level Optimisation',19,1,482,chapter-07_memory-management-safety-and-low-level-optimisation/block-019.jl
7,'Memory Management, Safety, and Low-Level Optimisation',20,1,487,chapter-07_memory-management-safety-and-low-level-optimisation/block-020.jl
7,'Memory Management, Safety, and Low-Level Optimisation',21,1,497,chapter-07_memory-management-safety-and-low-level-optimisation/block-021.jl
7,'Memory Management, Safety, and Low-Level Optimisation',22,3,502,chapter-07_memory-management-safety-and-low-level-optimisation/block-022.jl
8,' Advanced Data Structures and Algorithms in Julia',1,1,510,chapter-08_advanced-data-structures-and-algorithms-in-julia/block-001.jl
8,' Advanced Data Structures and Algorithms in Julia',2,1,513,chapter-08_advanced-data-structures-and-algorithms-in-julia/block-002.jl
8,' Advanced Data Structures and Algorithms in Julia',3,1,517,chapter-08_advanced-data-structures-and-algorithms-in-julia/block-003.jl
8,' Advanced Data Structures and Algorithms in Julia',4,2,519,chapter-08_advanced-data-structures-and-algorithms-in-julia/block-004.jl
8,' Advanced Data Structures and Algorithms in Julia',5,2,522,chapter-08_advanced-data-structures-and-algorithms-in-julia/block-005.jl
8,' Advanced Data Structures and Algorithms in Julia',6,4,527,chapter-08_advanced-data-structures-and-algorithms-in-julia/block-006.jl
8,' Advanced Data Structures and Algorithms in Julia',7,3,533,chapter-08_advanced-data-structures-and-algorithms-in-julia/block-007.jl
8,' Advanced Data Structures and Algorithms in Julia',8,4,537,chapter-08_advanced-data-structures-and-algorithms-in-julia/block-008.jl
8,' Advanced Data Structures and Algorithms in Julia',9,3,542,chapter-08_advanced-data-structures-and-algorithms-in-julia/block-009.jl
8,' Advanced Data Structures and Algorithms in Julia',10,1,547,chapter-08_advanced-data-structures-and-algorithms-in-julia/block-010.jl
8,' Advanced Data Structures and Algorithms in Julia',11,5,551,chapter-08_advanced-data-structures-and-algorithms-in-julia/block-011.jl
8,' Advanced Data Structures and Algorithms in Julia',12,7,557,chapter-08_advanced-data-structures-and-algorithms-in-julia/block-012.jl
8,' Advanced Data Structures and Algorithms in Julia',13,1,566,chapter-08_advanced-data-structures-and-algorithms-in-julia/block-013.jl
8,' Advanced Data Structures and Algorithms in Julia',14,4,568,chapter-08_advanced-data-structures-and-algorithms-in-julia/block-014.jl
8,' Advanced Data Structures and Algorithms in Julia',15,1,575,chapter-08_advanced-data-structures-and-algorithms-in-julia/block-015.jl
8,' Advanced Data Structures and Algorithms in Julia',16,4,577,chapter-08_advanced-data-structures-and-algorithms-in-julia/block-016.jl
8,' Advanced Data Structures and Algorithms in Julia',17,2,587,chapter-08_advanced-data-structures-and-algorithms-in-julia/block-017.jl
8,' Advanced Data Structures and Algorithms in Julia',18,1,590,chapter-08_advanced-data-structures-and-algorithms-in-julia/block-018.jl
8,' Advanced Data Structures and Algorithms in Julia',19,1,594,chapter-08_advanced-data-structures-and-algorithms-in-julia/block-019.jl
8,' Advanced Data Structures and Algorithms in Julia',20,2,596,chapter-08_advanced-data-structures-and-algorithms-in-julia/block-020.jl
8,' Advanced Data Structures and Algorithms in Julia',21,1,599,chapter-08_advanced-data-structures-and-algorithms-in-julia/block-021.jl
8,' Advanced Data Structures and Algorithms in Julia',22,1,608,chapter-08_advanced-data-structures-and-algorithms-in-julia/block-022.jl
8,' Advanced Data Structures and Algorithms in Julia',23,2,610,chapter-08_advanced-data-structures-and-algorithms-in-julia/block-023.jl
8,' Advanced Data Structures and Algorithms in Julia',24,1,617,chapter-08_advanced-data-structures-and-algorithms-in-julia/block-024.jl
8,' Advanced Data Structures and Algorithms in Julia',25,1,622,chapter-08_advanced-data-structures-and-algorithms-in-julia/block-025.jl
8,' Advanced Data Structures and Algorithms in Julia',26,1,626,chapter-08_advanced-data-structures-and-algorithms-in-julia/block-026.jl
8,' Advanced Data Structures and Algorithms in Julia',27,1,636,chapter-08_advanced-data-structures-and-algorithms-in-julia/block-027.jl
8,' Advanced Data Structures and Algorithms in Julia',28,1,638,chapter-08_advanced-data-structures-and-algorithms-in-julia/block-028.jl
9,'Designing Modular, Scalable Architectures',1,1,645,chapter-09_designing-modular-scalable-architectures/block-001.jl
9,'Designing Modular, Scalable Architectures',2,1,651,chapter-09_designing-modular-scalable-architectures/block-002.jl
9,'Designing Modular, Scalable Architectures',3,1,653,chapter-09_designing-modular-scalable-architectures/block-003.jl
9,'Designing Modular, Scalable Architectures',4,2,655,chapter-09_designing-modular-scalable-architectures/block-004.jl
9,'Designing Modular, Scalable Architectures',5,1,658,chapter-09_designing-modular-scalable-architectures/block-005.jl
9,'Designing Modular, Scalable Architectures',6,2,660,chapter-09_designing-modular-scalable-architectures/block-006.jl
9,'Designing Modular, Scalable Architectures',7,2,667,chapter-09_designing-modular-scalable-architectures/block-007.jl
9,'Designing Modular, Scalable Architectures',8,3,670,chapter-09_designing-modular-scalable-architectures/block-008.jl
9,'Designing Modular, Scalable Architectures',9,7,674,chapter-09_designing-modular-scalable-architectures/block-009.jl
9,'Designing Modular, Scalable Architectures',10,2,682,chapter-09_designing-modular-scalable-architectures/block-010.jl
9,'Designing Modular, Scalable Architectures',11,1,685,chapter-09_designing-modular-scalable-architectures/block-011.jl
9,'Designing Modular, Scalable Architectures',12,5,691,chapter-09_designing-modular-scalable-architectures/block-012.jl
9,'Designing Modular, Scalable Architectures',13,5,697,chapter-09_designing-modular-scalable-architectures/block-013.jl
9,'Designing Modular, Scalable Architectures',14,4,703,chapter-09_designing-modular-scalable-architectures/block-014.jl
9,'Designing Modular, Scalable Architectures',15,4,709,chapter-09_designing-modular-scalable-architectures/block-015.jl
9,'Designing Modular, Scalable Architectures',16,1,714,chapter-09_designing-modular-scalable-architectures/block-016.jl
9,'Designing Modular, Scalable Architectures',17,1,717,chapter-09_designing-modular-scalable-architectures/block-017.jl
9,'Designing Modular, Scalable Architectures',18,3,719,chapter-09_designing-modular-scalable-architectures/block-018.jl
9,'Designing Modular, Scalable Architectures',19,1,723,chapter-09_designing-modular-scalable-architectures/block-019.jl
9,'Designing Modular, Scalable Architectures',20,2,729,chapter-09_designing-modular-scalable-architectures/block-020.jl
9,'Designing Modular, Scalable Architectures',21,2,738,chapter-09_designing-modular-scalable-architectures/block-021.jl
9,'Designing Modular, Scalable Architectures',22,1,742,chapter-09_designing-modular-scalable-architectures/block-022.jl
9,'Designing Modular, Scalable Architectures',23,1,744,chapter-09_designing-modular-scalable-architectures/block-023.jl
9,'Designing Modular, Scalable Architectures',24,4,748,chapter-09_designing-modular-scalable-architectures/block-024.jl
9,'Designing Modular, Scalable Architectures',25,2,753,chapter-09_designing-modular-scalable-architectures/block-025.jl
9,'Designing Modular, Scalable Architectures',26,3,757,chapter-09_designing-modular-scalable-architectures/block-026.jl
9,'Designing Modular, Scalable Architectures',27,3,761,chapter-09_designing-modular-scalable-architectures/block-027.jl
9,'Designing Modular, Scalable Architectures',28,4,766,chapter-09_designing-modular-scalable-architectures/block-028.jl
9,'Designing Modular, Scalable Architectures',29,3,771,chapter-09_designing-modular-scalable-architectures/block-029.jl
9,'Designing Modular, Scalable Architectures',30,5,775,chapter-09_designing-modular-scalable-architectures/block-030.jl
9,'Designing Modular, Scalable Architectures',31,1,788,chapter-09_designing-modular-scalable-architectures/block-031.jl
9,'Designing Modular, Scalable Architectures',32,1,792,chapter-09_designing-modular-scalable-architectures/block-032.jl
9,'Designing Modular, Scalable Architectures',33,2,794,chapter-09_designing-modular-scalable-architectures/block-033.jl
9,'Designing Modular, Scalable Architectures',34,1,797,chapter-09_designing-modular-scalable-architectures/block-034.jl
9,'Designing Modular, Scalable Architectures',35,5,801,chapter-09_designing-modular-scalable-architectures/block-035.jl
9,'Designing Modular, Scalable Architectures',36,1,807,chapter-09_designing-modular-scalable-architectures/block-036.jl
10,'Concurrency Models at Scale (Actors, Async, Parallelism)',1,1,817,chapter-10_concurrency-models-at-scale-actors-async-parallelism/block-001.jl
10,'Concurrency Models at Scale (Actors, Async, Parallelism)',2,1,820,chapter-10_concurrency-models-at-scale-actors-async-parallelism/block-002.jl
10,'Concurrency Models at Scale (Actors, Async, Parallelism)',3,7,822,chapter-10_concurrency-models-at-scale-actors-async-parallelism/block-003.jl
10,'Concurrency Models at Scale (Actors, Async, Parallelism)',4,2,830,chapter-10_concurrency-models-at-scale-actors-async-parallelism/block-004.jl
10,'Concurrency Models at Scale (Actors, Async, Parallelism)',5,2,835,chapter-10_concurrency-models-at-scale-actors-async-parallelism/block-005.jl
10,'Concurrency Models at Scale (Actors, Async, Parallelism)',6,5,838,chapter-10_concurrency-models-at-scale-actors-async-parallelism/block-006.jl
10,'Concurrency Models at Scale (Actors, Async, Parallelism)',7,4,844,chapter-10_concurrency-models-at-scale-actors-async-parallelism/block-007.jl
10,'Concurrency Models at Scale (Actors, Async, Parallelism)',8,1,850,chapter-10_concurrency-models-at-scale-actors-async-parallelism/block-008.jl
10,'Concurrency Models at Scale (Actors, Async, Parallelism)',9,1,853,chapter-10_concurrency-models-at-scale-actors-async-parallelism/block-009.jl
10,'Concurrency Models at Scale (Actors, Async, Parallelism)',10,4,858,chapter-10_concurrency-models-at-scale-actors-async-parallelism/block-010.jl
10,'Concurrency Models at Scale (Actors, Async, Parallelism)',11,16,863,chapter-10_concurrency-models-at-scale-actors-async-parallelism/block-011.jl
10,'Concurrency Models at Scale (Actors, Async, Parallelism)',12,4,880,chapter-10_concurrency-models-at-scale-actors-async-parallelism/block-012.jl
10,'Concurrency Models at Scale (Actors, Async, Parallelism)',13,1,887,chapter-10_concurrency-models-at-scale-actors-async-parallelism/block-013.jl
10,'Concurrency Models at Scale (Actors, Async, Parallelism)',14,1,891,chapter-10_concurrency-models-at-scale-actors-async-parallelism/block-014.jl
10,'Concurrency Models at Scale (Actors, Async, Parallelism)',15,13,893,chapter-10_concurrency-models-at-scale-actors-async-parallelism/block-015.jl
10,'Concurrency Models at Scale (Actors, Async, Parallelism)',16,3,907,chapter-10_concurrency-models-at-scale-actors-async-parallelism/block-016.jl
10,'Concurrency Models at Scale (Actors, Async, Parallelism)',17,1,911,chapter-10_concurrency-models-at-scale-actors-async-parallelism/block-017.jl
10,'Concurrency Models at Scale (Actors, Async, Parallelism)',18,1,915,chapter-10_concurrency-models-at-scale-actors-async-parallelism/block-018.jl
10,'Concurrency Models at Scale (Actors, Async, Parallelism)',19,2,917,chapter-10_concurrency-models-at-scale-actors-async-parallelism/block-019.jl
10,'Concurrency Models at Scale (Actors, Async, Parallelism)',20,3,920,chapter-10_concurrency-models-at-scale-actors-async-parallelism/block-020.jl
10,'Concurrency Models at Scale (Actors, Async, Parallelism)',21,4,924,chapter-10_concurrency-models-at-scale-actors-async-parallelism/block-021.jl
10,'Concurrency Models at Scale (Actors, Async, Parallelism)',22,2,931,chapter-10_concurrency-models-at-scale-actors-async-parallelism/block-022.jl
10,'Concurrency Models at Scale (Actors, Async, Parallelism)',23,1,935,chapter-10_concurrency-models-at-scale-actors-async-parallelism/block-023.jl
10,'Concurrency Models at Scale (Actors, Async, Parallelism)',24,1,939,chapter-10_concurrency-models-at-scale-actors-async-parallelism/block-024.jl
10,'Concurrency Models at Scale (Actors, Async, Parallelism)',25,1,942,chapter-10_concurrency-models-at-scale-actors-async-parallelism/block-025.jl
10,'Concurrency Models at Scale (Actors, Async, Parallelism)',26,1,947,chapter-10_concurrency-models-at-scale-actors-async-parallelism/block-026.jl
10,'Concurrency Models at Scale (Actors, Async, Parallelism)',27,1,950,chapter-10_concurrency-models-at-scale-actors-async-parallelism/block-027.jl
10,'Concurrency Models at Scale (Actors, Async, Parallelism)',28,2,952,chapter-10_concurrency-models-at-scale-actors-async-parallelism/block-028.jl
10,'Concurrency Models at Scale (Actors, Async, Parallelism)',29,2,957,chapter-10_concurrency-models-at-scale-actors-async-parallelism/block-029.jl
10,'Concurrency Models at Scale (Actors, Async, Parallelism)',30,1,960,chapter-10_concurrency-models-at-scale-actors-async-parallelism/block-030.jl
10,'Concurrency Models at Scale (Actors, Async, Parallelism)',31,1,963,chapter-10_concurrency-models-at-scale-actors-async-parallelism/block-031.jl
11,'Integration with Cloud, Databases, and APIs',1,2,969,chapter-11_integration-with-cloud-databases-and-apis/block-001.jl
11,'Integration with Cloud, Databases, and APIs',2,1,975,chapter-11_integration-with-cloud-databases-and-apis/block-002.jl
11,'Integration with Cloud, Databases, and APIs',3,1,977,chapter-11_integration-with-cloud-databases-and-apis/block-003.jl
11,'Integration with Cloud, Databases, and APIs',4,3,979,chapter-11_integration-with-cloud-databases-and-apis/block-004.jl
11,'Integration with Cloud, Databases, and APIs',5,4,983,chapter-11_integration-with-cloud-databases-and-apis/block-005.jl
11,'Integration with Cloud, Databases, and APIs',6,1,988,chapter-11_integration-with-cloud-databases-and-apis/block-006.jl
11,'Integration with Cloud, Databases, and APIs',7,2,991,chapter-11_integration-with-cloud-databases-and-apis/block-007.jl
11,'Integration with Cloud, Databases, and APIs',8,1,996,chapter-11_integration-with-cloud-databases-and-apis/block-008.jl
11,'Integration with Cloud, Databases, and APIs',9,3,998,chapter-11_integration-with-cloud-databases-and-apis/block-009.jl
11,'Integration with Cloud, Databases, and APIs',10,2,1002,chapter-11_integration-with-cloud-databases-and-apis/block-010.jl
11,'Integration with Cloud, Databases, and APIs',11,5,1005,chapter-11_integration-with-cloud-databases-and-apis/block-011.jl
11,'Integration with Cloud, Databases, and APIs',12,1,1014,chapter-11_integration-with-cloud-databases-and-apis/block-012.jl
11,'Integration with Cloud, Databases, and APIs',13,2,1016,chapter-11_integration-with-cloud-databases-and-apis/block-013.jl
11,'Integration with Cloud, Databases, and APIs',14,3,1019,chapter-11_integration-with-cloud-databases-and-apis/block-014.jl
11,'Integration with Cloud, Databases, and APIs',15,2,1023,chapter-11_integration-with-cloud-databases-and-apis/block-015.jl
11,'Integration with Cloud, Databases, and APIs',16,1,1027,chapter-11_integration-with-cloud-databases-and-apis/block-016.jl
11,'Integration with Cloud, Databases, and APIs',17,1,1030,chapter-11_integration-with-cloud-databases-and-apis/block-017.jl
11,'Integration with Cloud, Databases, and APIs',18,4,1032,chapter-11_integration-with-cloud-databases-and-apis/block-018.jl
11,'Integration with Cloud, Databases, and APIs',19,1,1038,chapter-11_integration-with-cloud-databases-and-apis/block-019.jl
11,'Integration with Cloud, Databases, and APIs',20,1,1042,chapter-11_integration-with-cloud-databases-and-apis/block-020.jl
11,'Integration with Cloud, Databases, and APIs',21,3,1044,chapter-11_integration-with-cloud-databases-and-apis/block-021.jl
11,'Integration with Cloud, Databases, and APIs',22,2,1049,chapter-11_integration-with-cloud-databases-and-apis/block-022.jl
11,'Integration with Cloud, Databases, and APIs',23,1,1058,chapter-11_integration-with-cloud-databases-and-apis/block-023.jl
11,'Integration with Cloud, Databases, and APIs',24,3,1060,chapter-11_integration-with-cloud-databases-and-apis/block-024.jl
11,'Integration with Cloud, Databases, and APIs',25,2,1064,chapter-11_integration-with-cloud-databases-and-apis/block-025.jl
11,'Integration with Cloud, Databases, and APIs',26,5,1067,chapter-11_integration-with-cloud-databases-and-apis/block-026.jl
11,'Integration with Cloud, Databases, and APIs',27,1,1079,chapter-11_integration-with-cloud-databases-and-apis/block-027.jl
11,'Integration with Cloud, Databases, and APIs',28,2,1082,chapter-11_integration-with-cloud-databases-and-apis/block-028.jl
11,'Integration with Cloud, Databases, and APIs',29,2,1088,chapter-11_integration-with-cloud-databases-and-apis/block-029.jl
11,'Integration with Cloud, Databases, and APIs',30,2,1092,chapter-11_integration-with-cloud-databases-and-apis/block-030.jl
11,'Integration with Cloud, Databases, and APIs',31,2,1097,chapter-11_integration-with-cloud-databases-and-apis/block-031.jl
11,'Integration with Cloud, Databases, and APIs',32,1,1101,chapter-11_integration-with-cloud-databases-and-apis/block-032.jl
11,'Integration with Cloud, Databases, and APIs',33,1,1103,chapter-11_integration-with-cloud-databases-and-apis/block-033.jl
12,'Security and Reliability in Production Code',1,2,1108,chapter-12_security-and-reliability-in-production-code/block-001.jl
12,'Security and Reliability in Production Code',2,4,1116,chapter-12_security-and-reliability-in-production-code/block-002.jl
12,'Security and Reliability in Production Code',3,2,1121,chapter-12_security-and-reliability-in-production-code/block-003.jl
12,'Security and Reliability in Production Code',4,2,1130,chapter-12_security-and-reliability-in-production-code/block-004.jl
12,'Security and Reliability in Production Code',5,1,1135,chapter-12_security-and-reliability-in-production-code/block-005.jl
12,'Security and Reliability in Production Code',6,1,1138,chapter-12_security-and-reliability-in-production-code/block-006.jl
12,'Security and Reliability in Production Code',7,5,1140,chapter-12_security-and-reliability-in-production-code/block-007.jl
12,'Security and Reliability in Production Code',8,1,1151,chapter-12_security-and-reliability-in-production-code/block-008.jl
12,'Security and Reliability in Production Code',9,9,1153,chapter-12_security-and-reliability-in-production-code/block-009.jl
12,'Security and Reliability in Production Code',10,1,1168,chapter-12_security-and-reliability-in-production-code/block-010.jl
12,'Security and Reliability in Production Code',11,2,1170,chapter-12_security-and-reliability-in-production-code/block-011.jl
12,'Security and Reliability in Production Code',12,2,1185,chapter-12_security-and-reliability-in-production-code/block-012.jl
12,'Security and Reliability in Production Code',13,1,1193,chapter-12_security-and-reliability-in-production-code/block-013.jl
12,'Security and Reliability in Production Code',14,1,1200,chapter-12_security-and-reliability-in-production-code/block-014.jl
12,'Security and Reliability in Production Code',15,1,1202,chapter-12_security-and-reliability-in-production-code/block-015.jl
12,'Security and Reliability in Production Code',16,1,1207,chapter-12_security-and-reliability-in-production-code/block-016.jl
12,'Security and Reliability in Production Code',17,2,1209,chapter-12_security-and-reliability-in-production-code/block-017.jl
12,'Security and Reliability in Production Code',18,2,1217,chapter-12_security-and-reliability-in-production-code/block-018.jl
12,'Security and Reliability in Production Code',19,1,1221,chapter-12_security-and-reliability-in-production-code/block-019.jl
13,'Profiling, Debugging, and Performance Tuning',1,2,1227,chapter-13_profiling-debugging-and-performance-tuning/block-001.jl
13,'Profiling, Debugging, and Performance Tuning',2,2,1233,chapter-13_profiling-debugging-and-performance-tuning/block-002.jl
13,'Profiling, Debugging, and Performance Tuning',3,7,1236,chapter-13_profiling-debugging-and-performance-tuning/block-003.jl
13,'Profiling, Debugging, and Performance Tuning',4,1,1244,chapter-13_profiling-debugging-and-performance-tuning/block-004.jl
13,'Profiling, Debugging, and Performance Tuning',5,2,1246,chapter-13_profiling-debugging-and-performance-tuning/block-005.jl
13,'Profiling, Debugging, and Performance Tuning',6,1,1250,chapter-13_profiling-debugging-and-performance-tuning/block-006.jl
13,'Profiling, Debugging, and Performance Tuning',7,3,1252,chapter-13_profiling-debugging-and-performance-tuning/block-007.jl
13,'Profiling, Debugging, and Performance Tuning',8,2,1256,chapter-13_profiling-debugging-and-performance-tuning/block-008.jl
13,'Profiling, Debugging, and Performance Tuning',9,1,1260,chapter-13_profiling-debugging-and-performance-tuning/block-009.jl
13,'Profiling, Debugging, and Performance Tuning',10,1,1262,chapter-13_profiling-debugging-and-performance-tuning/block-010.jl
13,'Profiling, Debugging, and Performance Tuning',11,1,1271,chapter-13_profiling-debugging-and-performance-tuning/block-011.jl
13,'Profiling, Debugging, and Performance Tuning',12,1,1273,chapter-13_profiling-debugging-and-performance-tuning/block-012.jl
13,'Profiling, Debugging, and Performance Tuning',13,1,1275,chapter-13_profiling-debugging-and-performance-tuning/block-013.jl
13,'Profiling, Debugging, and Performance Tuning',14,1,1277,chapter-13_profiling-debugging-and-performance-tuning/block-014.jl
13,'Profiling, Debugging, and Performance Tuning',15,7,1288,chapter-13_profiling-debugging-and-performance-tuning/block-015.jl
13,'Profiling, Debugging, and Performance Tuning',16,1,1297,chapter-13_profiling-debugging-and-performance-tuning/block-016.jl
13,'Profiling, Debugging, and Performance Tuning',17,1,1300,chapter-13_profiling-debugging-and-performance-tuning/block-017.jl
13,'Profiling, Debugging, and Performance Tuning',18,2,1302,chapter-13_profiling-debugging-and-performance-tuning/block-018.jl
13,'Profiling, Debugging, and Performance Tuning',19,8,1305,chapter-13_profiling-debugging-and-performance-tuning/block-019.jl
13,'Profiling, Debugging, and Performance Tuning',20,1,1325,chapter-13_profiling-debugging-and-performance-tuning/block-020.jl
13,'Profiling, Debugging, and Performance Tuning',21,1,1340,chapter-13_profiling-debugging-and-performance-tuning/block-021.jl
13,'Profiling, Debugging, and Performance Tuning',22,1,1343,chapter-13_profiling-debugging-and-performance-tuning/block-022.jl
13,'Profiling, Debugging, and Performance Tuning',23,1,1346,chapter-13_profiling-debugging-and-performance-tuning/block-023.jl
13,'Profiling, Debugging, and Performance Tuning',24,1,1349,chapter-13_profiling-debugging-and-performance-tuning/block-024.jl
13,'Profiling, Debugging, and Performance Tuning',25,1,1352,chapter-13_profiling-debugging-and-performance-tuning/block-025.jl
13,'Profiling, Debugging, and Performance Tuning',26,1,1356,chapter-13_profiling-debugging-and-performance-tuning/block-026.jl
13,'Profiling, Debugging, and Performance Tuning',27,1,1358,chapter-13_profiling-debugging-and-performance-tuning/block-027.jl
14,'Case Studies: Enterprise Systems Written in Julia',1,1,1363,chapter-14_case-studies-enterprise-systems-written-in-julia/block-001.jl
14,'Case Studies: Enterprise Systems Written in Julia',2,1,1368,chapter-14_case-studies-enterprise-systems-written-in-julia/block-002.jl
14,'Case Studies: Enterprise Systems Written in Julia',3,1,1370,chapter-14_case-studies-enterprise-systems-written-in-julia/block-003.jl
14,'Case Studies: Enterprise Systems Written in Julia',4,5,1372,chapter-14_case-studies-enterprise-systems-written-in-julia/block-004.jl
14,'Case Studies: Enterprise Systems Written in Julia',5,6,1378,chapter-14_case-studies-enterprise-systems-written-in-julia/block-005.jl
14,'Case Studies: Enterprise Systems Written in Julia',6,1,1388,chapter-14_case-studies-enterprise-systems-written-in-julia/block-006.jl
14,'Case Studies: Enterprise Systems Written in Julia',7,1,1390,chapter-14_case-studies-enterprise-systems-written-in-julia/block-007.jl
14,'Case Studies: Enterprise Systems Written in Julia',8,4,1392,chapter-14_case-studies-enterprise-systems-written-in-julia/block-008.jl
14,'Case Studies: Enterprise Systems Written in Julia',9,6,1399,chapter-14_case-studies-enterprise-systems-written-in-julia/block-009.jl
14,'Case Studies: Enterprise Systems Written in Julia',10,1,1408,chapter-14_case-studies-enterprise-systems-written-in-julia/block-010.jl
14,'Case Studies: Enterprise Systems Written in Julia',11,5,1411,chapter-14_case-studies-enterprise-systems-written-in-julia/block-011.jl
14,'Case Studies: Enterprise Systems Written in Julia',12,1,1417,chapter-14_case-studies-enterprise-systems-written-in-julia/block-012.jl
14,'Case Studies: Enterprise Systems Written in Julia',13,1,1419,chapter-14_case-studies-enterprise-systems-written-in-julia/block-013.jl
14,'Case Studies: Enterprise Systems Written in Julia',14,3,1421,chapter-14_case-studies-enterprise-systems-written-in-julia/block-014.jl
14,'Case Studies: Enterprise Systems Written in Julia',15,1,1432,chapter-14_case-studies-enterprise-systems-written-in-julia/block-015.jl
14,'Case Studies: Enterprise Systems Written in Julia',16,1,1435,chapter-14_case-studies-enterprise-systems-written-in-julia/block-016.jl
14,'Case Studies: Enterprise Systems Written in Julia',17,1,1440,chapter-14_case-studies-enterprise-systems-written-in-julia/block-017.jl
14,'Case Studies: Enterprise Systems Written in Julia',18,4,1451,chapter-14_case-studies-enterprise-systems-written-in-julia/block-018.jl
14,'Case Studies: Enterprise Systems Written in Julia',19,2,1457,chapter-14_case-studies-enterprise-systems-written-in-julia/block-019.jl
14,'Case Studies: Enterprise Systems Written in Julia',20,1,1462,chapter-14_case-studies-enterprise-systems-written-in-julia/block-020.jl
15,'Domain-Specific Applications (AI, Scientific, Gaming, Finance, etc.)',1,1,1468,chapter-15_domain-specific-applications-ai-scientific-gaming-finance-etc/block-001.jl
15,'Domain-Specific Applications (AI, Scientific, Gaming, Finance, etc.)',2,1,1471,chapter-15_domain-specific-applications-ai-scientific-gaming-finance-etc/block-002.jl
15,'Domain-Specific Applications (AI, Scientific, Gaming, Finance, etc.)',3,1,1473,chapter-15_domain-specific-applications-ai-scientific-gaming-finance-etc/block-003.jl
15,'Domain-Specific Applications (AI, Scientific, Gaming, Finance, etc.)',4,1,1475,chapter-15_domain-specific-applications-ai-scientific-gaming-finance-etc/block-004.jl
15,'Domain-Specific Applications (AI, Scientific, Gaming, Finance, etc.)',5,2,1477,chapter-15_domain-specific-applications-ai-scientific-gaming-finance-etc/block-005.jl
15,'Domain-Specific Applications (AI, Scientific, Gaming, Finance, etc.)',6,2,1480,chapter-15_domain-specific-applications-ai-scientific-gaming-finance-etc/block-006.jl
15,'Domain-Specific Applications (AI, Scientific, Gaming, Finance, etc.)',7,2,1483,chapter-15_domain-specific-applications-ai-scientific-gaming-finance-etc/block-007.jl
15,'Domain-Specific Applications (AI, Scientific, Gaming, Finance, etc.)',8,7,1486,chapter-15_domain-specific-applications-ai-scientific-gaming-finance-etc/block-008.jl
15,'Domain-Specific Applications (AI, Scientific, Gaming, Finance, etc.)',9,1,1494,chapter-15_domain-specific-applications-ai-scientific-gaming-finance-etc/block-009.jl
15,'Domain-Specific Applications (AI, Scientific, Gaming, Finance, etc.)',10,3,1496,chapter-15_domain-specific-applications-ai-scientific-gaming-finance-etc/block-010.jl
15,'Domain-Specific Applications (AI, Scientific, Gaming, Finance, etc.)',11,3,1500,chapter-15_domain-specific-applications-ai-scientific-gaming-finance-etc/block-011.jl
15,'Domain-Specific Applications (AI, Scientific, Gaming, Finance, etc.)',12,2,1504,chapter-15_domain-specific-applications-ai-scientific-gaming-finance-etc/block-012.jl
15,'Domain-Specific Applications (AI, Scientific, Gaming, Finance, etc.)',13,2,1510,chapter-15_domain-specific-applications-ai-scientific-gaming-finance-etc/block-013.jl
15,'Domain-Specific Applications (AI, Scientific, Gaming, Finance, etc.)',14,4,1513,chapter-15_domain-specific-applications-ai-scientific-gaming-finance-etc/block-014.jl
15,'Domain-Specific Applications (AI, Scientific, Gaming, Finance, etc.)',15,3,1518,chapter-15_domain-specific-applications-ai-scientific-gaming-finance-etc/block-015.jl
15,'Domain-Specific Applications (AI, Scientific, Gaming, Finance, etc.)',16,3,1522,chapter-15_domain-specific-applications-ai-scientific-gaming-finance-etc/block-016.jl
15,'Domain-Specific Applications (AI, Scientific, Gaming, Finance, etc.)',17,8,1527,chapter-15_domain-specific-applications-ai-scientific-gaming-finance-etc/block-017.jl
15,'Domain-Specific Applications (AI, Scientific, Gaming, Finance, etc.)',18,4,1536,chapter-15_domain-specific-applications-ai-scientific-gaming-finance-etc/block-018.jl
15,'Domain-Specific Applications (AI, Scientific, Gaming, Finance, etc.)',19,1,1541,chapter-15_domain-specific-applications-ai-scientific-gaming-finance-etc/block-019.jl
15,'Domain-Specific Applications (AI, Scientific, Gaming, Finance, etc.)',20,1,1544,chapter-15_domain-specific-applications-ai-scientific-gaming-finance-etc/block-020.jl
15,'Domain-Specific Applications (AI, Scientific, Gaming, Finance, etc.)',21,2,1546,chapter-15_domain-specific-applications-ai-scientific-gaming-finance-etc/block-021.jl
15,'Domain-Specific Applications (AI, Scientific, Gaming, Finance, etc.)',22,3,1549,chapter-15_domain-specific-applications-ai-scientific-gaming-finance-etc/block-022.jl
15,'Domain-Specific Applications (AI, Scientific, Gaming, Finance, etc.)',23,2,1553,chapter-15_domain-specific-applications-ai-scientific-gaming-finance-etc/block-023.jl
15,'Domain-Specific Applications (AI, Scientific, Gaming, Finance, etc.)',24,2,1556,chapter-15_domain-specific-applications-ai-scientific-gaming-finance-etc/block-024.jl
15,'Domain-Specific Applications (AI, Scientific, Gaming, Finance, etc.)',25,4,1559,chapter-15_domain-specific-applications-ai-scientific-gaming-finance-etc/block-025.jl
15,'Domain-Specific Applications (AI, Scientific, Gaming, Finance, etc.)',26,1,1564,chapter-15_domain-specific-applications-ai-scientific-gaming-finance-etc/block-026.jl
15,'Domain-Specific Applications (AI, Scientific, Gaming, Finance, etc.)',27,1,1568,chapter-15_domain-specific-applications-ai-scientific-gaming-finance-etc/block-027.jl
15,'Domain-Specific Applications (AI, Scientific, Gaming, Finance, etc.)',28,4,1570,chapter-15_domain-specific-applications-ai-scientific-gaming-finance-etc/block-028.jl
15,'Domain-Specific Applications (AI, Scientific, Gaming, Finance, etc.)',29,1,1576,chapter-15_domain-specific-applications-ai-scientific-gaming-finance-etc/block-029.jl
15,'Domain-Specific Applications (AI, Scientific, Gaming, Finance, etc.)',30,8,1578,chapter-15_domain-specific-applications-ai-scientific-gaming-finance-etc/block-030.jl
15,'Domain-Specific Applications (AI, Scientific, Gaming, Finance, etc.)',31,2,1587,chapter-15_domain-specific-applications-ai-scientific-gaming-finance-etc/block-031.jl
15,'Domain-Specific Applications (AI, Scientific, Gaming, Finance, etc.)',32,2,1590,chapter-15_domain-specific-applications-ai-scientific-gaming-finance-etc/block-032.jl
15,'Domain-Specific Applications (AI, Scientific, Gaming, Finance, etc.)',33,3,1593,chapter-15_domain-specific-applications-ai-scientific-gaming-finance-etc/block-033.jl
15,'Domain-Specific Applications (AI, Scientific, Gaming, Finance, etc.)',34,1,1597,chapter-15_domain-specific-applications-ai-scientific-gaming-finance-etc/block-034.jl
15,'Domain-Specific Applications (AI, Scientific, Gaming, Finance, etc.)',35,1,1600,chapter-15_domain-specific-applications-ai-scientific-gaming-finance-etc/block-035.jl
15,'Domain-Specific Applications (AI, Scientific, Gaming, Finance, etc.)',36,2,1603,chapter-15_domain-specific-applications-ai-scientific-gaming-finance-etc/block-036.jl
15,'Domain-Specific Applications (AI, Scientific, Gaming, Finance, etc.)',37,1,1606,chapter-15_domain-specific-applications-ai-scientific-gaming-finance-etc/block-037.jl
15,'Domain-Specific Applications (AI, Scientific, Gaming, Finance, etc.)',38,2,1614,chapter-15_domain-specific-applications-ai-scientific-gaming-finance-etc/block-038.jl
15,'Domain-Specific Applications (AI, Scientific, Gaming, Finance, etc.)',39,1,1619,chapter-15_domain-specific-applications-ai-scientific-gaming-finance-etc/block-039.jl
15,'Domain-Specific Applications (AI, Scientific, Gaming, Finance, etc.)',40,1,1621,chapter-15_domain-specific-applications-ai-scientific-gaming-finance-etc/block-040.jl
15,'Domain-Specific Applications (AI, Scientific, Gaming, Finance, etc.)',41,1,1624,chapter-15_domain-specific-applications-ai-scientific-gaming-finance-etc/block-041.jl
16,'Building a Large-Scale End-to-End Project',1,2,1630,chapter-16_building-a-large-scale-end-to-end-project/block-001.jl
16,'Building a Large-Scale End-to-End Project',2,1,1636,chapter-16_building-a-large-scale-end-to-end-project/block-002.jl
16,'Building a Large-Scale End-to-End Project',3,1,1641,chapter-16_building-a-large-scale-end-to-end-project/block-003.jl
16,'Building a Large-Scale End-to-End Project',4,1,1650,chapter-16_building-a-large-scale-end-to-end-project/block-004.jl
16,'Building a Large-Scale End-to-End Project',5,1,1652,chapter-16_building-a-large-scale-end-to-end-project/block-005.jl
16,'Building a Large-Scale End-to-End Project',6,1,1657,chapter-16_building-a-large-scale-end-to-end-project/block-006.jl
16,'Building a Large-Scale End-to-End Project',7,1,1659,chapter-16_building-a-large-scale-end-to-end-project/block-007.jl
16,'Building a Large-Scale End-to-End Project',8,1,1661,chapter-16_building-a-large-scale-end-to-end-project/block-008.jl
16,'Building a Large-Scale End-to-End Project',9,3,1663,chapter-16_building-a-large-scale-end-to-end-project/block-009.jl
16,'Building a Large-Scale End-to-End Project',10,4,1667,chapter-16_building-a-large-scale-end-to-end-project/block-010.jl
16,'Building a Large-Scale End-to-End Project',11,1,1672,chapter-16_building-a-large-scale-end-to-end-project/block-011.jl
16,'Building a Large-Scale End-to-End Project',12,3,1675,chapter-16_building-a-large-scale-end-to-end-project/block-012.jl
16,'Building a Large-Scale End-to-End Project',13,5,1682,chapter-16_building-a-large-scale-end-to-end-project/block-013.jl
16,'Building a Large-Scale End-to-End Project',14,13,1693,chapter-16_building-a-large-scale-end-to-end-project/block-014.jl
16,'Building a Large-Scale End-to-End Project',15,2,1707,chapter-16_building-a-large-scale-end-to-end-project/block-015.jl
16,'Building a Large-Scale End-to-End Project',16,2,1710,chapter-16_building-a-large-scale-end-to-end-project/block-016.jl
16,'Building a Large-Scale End-to-End Project',17,2,1716,chapter-16_building-a-large-scale-end-to-end-project/block-017.jl
16,'Building a Large-Scale End-to-End Project',18,1,1723,chapter-16_building-a-large-scale-end-to-end-project/block-018.jl
16,'Building a Large-Scale End-to-End Project',19,3,1725,chapter-16_building-a-large-scale-end-to-end-project/block-019.jl
16,'Building a Large-Scale End-to-End Project',20,1,1733,chapter-16_building-a-large-scale-end-to-end-project/block-020.jl
16,'Building a Large-Scale End-to-End Project',21,1,1736,chapter-16_building-a-large-scale-end-to-end-project/block-021.jl
16,'Building a Large-Scale End-to-End Project',22,4,1739,chapter-16_building-a-large-scale-end-to-end-project/block-022.jl
16,'Building a Large-Scale End-to-End Project',23,2,1747,chapter-16_building-a-large-scale-end-to-end-project/block-023.jl
16,'Building a Large-Scale End-to-End Project',24,2,1751,chapter-16_building-a-large-scale-end-to-end-project/block-024.jl
16,'Building a Large-Scale End-to-End Project',25,1,1757,chapter-16_building-a-large-scale-end-to-end-project/block-025.jl
16,'Building a Large-Scale End-to-End Project',26,1,1759,chapter-16_building-a-large-scale-end-to-end-project/block-026.jl
17,'Best Practices for Professional Teams',1,1,1765,chapter-17_best-practices-for-professional-teams/block-001.jl
17,'Best Practices for Professional Teams',2,1,1768,chapter-17_best-practices-for-professional-teams/block-002.jl
17,'Best Practices for Professional Teams',3,1,1772,chapter-17_best-practices-for-professional-teams/block-003.jl
17,'Best Practices for Professional Teams',4,3,1774,chapter-17_best-practices-for-professional-teams/block-004.jl
17,'Best Practices for Professional Teams',5,1,1778,chapter-17_best-practices-for-professional-teams/block-005.jl
17,'Best Practices for Professional Teams',6,2,1780,chapter-17_best-practices-for-professional-teams/block-006.jl
17,'Best Practices for Professional Teams',7,7,1783,chapter-17_best-practices-for-professional-teams/block-007.jl
17,'Best Practices for Professional Teams',8,1,1791,chapter-17_best-practices-for-professional-teams/block-008.jl
17,'Best Practices for Professional Teams',9,2,1798,chapter-17_best-practices-for-professional-teams/block-009.jl
17,'Best Practices for Professional Teams',10,1,1801,chapter-17_best-practices-for-professional-teams/block-010.jl
17,'Best Practices for Professional Teams',11,1,1806,chapter-17_best-practices-for-professional-teams/block-011.jl
17,'Best Practices for Professional Teams',12,1,1809,chapter-17_best-practices-for-professional-teams/block-012.jl
17,'Best Practices for Professional Teams',13,1,1811,chapter-17_best-practices-for-professional-teams/block-013.jl
17,'Best Practices for Professional Teams',14,1,1815,chapter-17_best-practices-for-professional-teams/block-014.jl
17,'Best Practices for Professional Teams',15,1,1819,chapter-17_best-practices-for-professional-teams/block-015.jl
17,'Best Practices for Professional Teams',16,2,1821,chapter-17_best-practices-for-professional-teams/block-016.jl
17,'Best Practices for Professional Teams',17,13,1824,chapter-17_best-practices-for-professional-teams/block-017.jl
17,'Best Practices for Professional Teams',18,1,1839,chapter-17_best-practices-for-professional-teams/block-018.jl
17,'Best Practices for Professional Teams',19,2,1841,chapter-17_best-practices-for-professional-teams/block-019.jl
17,'Best Practices for Professional Teams',20,1,1853,chapter-17_best-practices-for-professional-teams/block-020.jl
17,'Best Practices for Professional Teams',21,1,1857,chapter-17_best-practices-for-professional-teams/block-021.jl
17,'Best Practices for Professional Teams',22,11,1860,chapter-17_best-practices-for-professional-teams/block-022.jl
17,'Best Practices for Professional Teams',23,2,1875,chapter-17_best-practices-for-professional-teams/block-023.jl
17,'Best Practices for Professional Teams',24,1,1882,chapter-17_best-practices-for-professional-teams/block-024.jl
17,'Best Practices for Professional Teams',25,1,1884,chapter-17_best-practices-for-professional-teams/block-025.jl
17,'Best Practices for Professional Teams',26,1,1886,chapter-17_best-practices-for-professional-teams/block-026.jl
17,'Best Practices for Professional Teams',27,1,1889,chapter-17_best-practices-for-professional-teams/block-027.jl
18,'Open-Source Contribution and Community Engagement',1,1,1912,chapter-18_open-source-contribution-and-community-engagement/block-001.jl
18,'Open-Source Contribution and Community Engagement',2,1,1914,chapter-18_open-source-contribution-and-community-engagement/block-002.jl
18,'Open-Source Contribution and Community Engagement',3,2,1923,chapter-18_open-source-contribution-and-community-engagement/block-003.jl
18,'Open-Source Contribution and Community Engagement',4,1,1927,chapter-18_open-source-contribution-and-community-engagement/block-004.jl
18,'Open-Source Contribution and Community Engagement',5,3,1929,chapter-18_open-source-contribution-and-community-engagement/block-005.jl
18,'Open-Source Contribution and Community Engagement',6,3,1933,chapter-18_open-source-contribution-and-community-engagement/block-006.jl
18,'Open-Source Contribution and Community Engagement',7,2,1939,chapter-18_open-source-contribution-and-community-engagement/block-007.jl
18,'Open-Source Contribution and Community Engagement',8,1,1942,chapter-18_open-source-contribution-and-community-engagement/block-008.jl
18,'Open-Source Contribution and Community Engagement',9,3,1944,chapter-18_open-source-contribution-and-community-engagement/block-009.jl
18,'Open-Source Contribution and Community Engagement',10,2,1948,chapter-18_open-source-contribution-and-community-engagement/block-010.jl
18,'Open-Source Contribution and Community Engagement',11,5,1951,chapter-18_open-source-contribution-and-community-engagement/block-011.jl
18,'Open-Source Contribution and Community Engagement',12,2,1957,chapter-18_open-source-contribution-and-community-engagement/block-012.jl
18,'Open-Source Contribution and Community Engagement',13,1,1960,chapter-18_open-source-contribution-and-community-engagement/block-013.jl
18,'Open-Source Contribution and Community Engagement',14,1,1962,chapter-18_open-source-contribution-and-community-engagement/block-014.jl
18,'Open-Source Contribution and Community Engagement',15,1,1964,chapter-18_open-source-contribution-and-community-engagement/block-015.jl
18,'Open-Source Contribution and Community Engagement',16,4,1966,chapter-18_open-source-contribution-and-community-engagement/block-016.jl
18,'Open-Source Contribution and Community Engagement',17,4,1971,chapter-18_open-source-contribution-and-community-engagement/block-017.jl
18,'Open-Source Contribution and Community Engagement',18,3,1976,chapter-18_open-source-contribution-and-community-engagement/block-018.jl
18,'Open-Source Contribution and Community Engagement',19,1,1980,chapter-18_open-source-contribution-and-community-engagement/block-019.jl
18,'Open-Source Contribution and Community Engagement',20,1,1982,chapter-18_open-source-contribution-and-community-engagement/block-020.jl
18,'Open-Source Contribution and Community Engagement',21,1,1984,chapter-18_open-source-contribution-and-community-engagement/block-021.jl
18,'Open-Source Contribution and Community Engagement',22,5,1986,chapter-18_open-source-contribution-and-community-engagement/block-022.jl
18,'Open-Source Contribution and Community Engagement',23,5,1992,chapter-18_open-source-contribution-and-community-engagement/block-023.jl
18,'Open-Source Contribution and Community Engagement',24,5,1998,chapter-18_open-source-contribution-and-community-engagement/block-024.jl
18,'Open-Source Contribution and Community Engagement',25,1,2004,chapter-18_open-source-contribution-and-community-engagement/block-025.jl
18,'Open-Source Contribution and Community Engagement',26,1,2006,chapter-18_open-source-contribution-and-community-engagement/block-026.jl
18,'Open-Source Contribution and Community Engagement',27,1,2008,chapter-18_open-source-contribution-and-community-engagement/block-027.jl
18,'Open-Source Contribution and Community Engagement',28,6,2010,chapter-18_open-source-contribution-and-community-engagement/block-028.jl
18,'Open-Source Contribution and Community Engagement',29,2,2017,chapter-18_open-source-contribution-and-community-engagement/block-029.jl
18,'Open-Source Contribution and Community Engagement',30,1,2020,chapter-18_open-source-contribution-and-community-engagement/block-030.jl
18,'Open-Source Contribution and Community Engagement',31,1,2022,chapter-18_open-source-contribution-and-community-engagement/block-031.jl
18,'Open-Source Contribution and Community Engagement',32,1,2024,chapter-18_open-source-contribution-and-community-engagement/block-032.jl
18,'Open-Source Contribution and Community Engagement',33,6,2026,chapter-18_open-source-contribution-and-community-engagement/block-033.jl
18,'Open-Source Contribution and Community Engagement',34,2,2033,chapter-18_open-source-contribution-and-community-engagement/block-034.jl
18,'Open-Source Contribution and Community Engagement',35,1,2036,chapter-18_open-source-contribution-and-community-engagement/block-035.jl
18,'Open-Source Contribution and Community Engagement',36,1,2038,chapter-18_open-source-contribution-and-community-engagement/block-036.jl
18,'Open-Source Contribution and Community Engagement',37,5,2040,chapter-18_open-source-contribution-and-community-engagement/block-037.jl
18,'Open-Source Contribution and Community Engagement',38,1,2046,chapter-18_open-source-contribution-and-community-engagement/block-038.jl
18,'Open-Source Contribution and Community Engagement',39,1,2048,chapter-18_open-source-contribution-and-community-engagement/block-039.jl
18,'Open-Source Contribution and Community Engagement',40,1,2050,chapter-18_open-source-contribution-and-community-engagement/block-040.jl
19,'The Future of Professional Julia Programming',1,1,2057,chapter-19_the-future-of-professional-julia-programming/block-001.jl
19,'The Future of Professional Julia Programming',2,6,2063,chapter-19_the-future-of-professional-julia-programming/block-002.jl
19,'The Future of Professional Julia Programming',3,4,2071,chapter-19_the-future-of-professional-julia-programming/block-003.jl
19,'The Future of Professional Julia Programming',4,2,2077,chapter-19_the-future-of-professional-julia-programming/block-004.jl
19,'The Future of Professional Julia Programming',5,1,2081,chapter-19_the-future-of-professional-julia-programming/block-005.jl
19,'The Future of Professional Julia Programming',6,5,2083,chapter-19_the-future-of-professional-julia-programming/block-006.jl
19,'The Future of Professional Julia Programming',7,2,2089,chapter-19_the-future-of-professional-julia-programming/block-007.jl
19,'The Future of Professional Julia Programming',8,1,2092,chapter-19_the-future-of-professional-julia-programming/block-008.jl
19,'The Future of Professional Julia Programming',9,1,2095,chapter-19_the-future-of-professional-julia-programming/block-009.jl
19,'The Future of Professional Julia Programming',10,1,2101,chapter-19_the-future-of-professional-julia-programming/block-010.jl
19,'The Future of Professional Julia Programming',11,1,2103,chapter-19_the-future-of-professional-julia-programming/block-011.jl
19,'The Future of Professional Julia Programming',12,1,2106,chapter-19_the-future-of-professional-julia-programming/block-012.jl
19,'The Future of Professional Julia Programming',13,2,2113,chapter-19_the-future-of-professional-julia-programming/block-013.jl
19,'The Future of Professional Julia Programming',14,1,2116,chapter-19_the-future-of-professional-julia-programming/block-014.jl
19,'The Future of Professional Julia Programming',15,1,2125,chapter-19_the-future-of-professional-julia-programming/block-015.jl
19,'The Future of Professional Julia Programming',16,1,2127,chapter-19_the-future-of-professional-julia-programming/block-016.jl
19,'The Future of Professional Julia Programming',17,1,2130,chapter-19_the-future-of-professional-julia-programming/block-017.jl
20,'CONCLUSION',1,1,2149,chapter-20_conclusion/block-001.jl
20,'CONCLUSION',2,1,2154,chapter-20_conclusion/block-002.jl
20,'CONCLUSION',3,1,2158,chapter-20_conclusion/block-003.jl
20,'CONCLUSION',4,2,2163,chapter-20_conclusion/block-004.jl
20,'CONCLUSION',5,1,2174,chapter-20_conclusion/block-005.jl
20,'CONCLUSION',6,1,2177,chapter-20_conclusion/block-006.jl
20,'CONCLUSION',7,1,2181,chapter-20_conclusion/block-007.jl
20,'CONCLUSION',8,1,2190,chapter-20_conclusion/block-008.jl
20,'CONCLUSION',9,1,2196,chapter-20_conclusion/block-009.jl
20,'CONCLUSION',10,1,2198,chapter-20_conclusion/block-010.jl
20,'CONCLUSION',11,2,2203,chapter-20_conclusion/block-011.jl
20,'CONCLUSION',12,1,2210,chapter-20_conclusion/block-012.jl
21,'Companion Resources',1,1,2221,chapter-21_companion-resources/block-001.jl
22,'Thank You',1,1,2226,chapter-22_thank-you/block-001.jl
22,'Thank You',2,1,2228,chapter-22_thank-you/block-002.jl
22,'Thank You',3,1,2235,chapter-22_thank-you/block-003.jl
